"sender","receiver","interaction","prob"
"High","Low","CD99_PILRA",0.0925148780573976
"High","High","CD99_PILRA",0.0925148780573976
"High","High","CD99_CD99",0.0925148780573976
"Low","Low","PECAM1_PECAM1",0.0925148780573976
"High","Low","PECAM1_PECAM1",0.0925148780573976
"Low","High","PECAM1_PECAM1",0.0925148780573976
"High","High","PECAM1_PECAM1",0.0925148780573976
"Low","Low","HLA-DPA1_CD4",0.0791199594073771
"Low","High","HLA-DPA1_CD4",0.0791199594073771
"High","Low","HLA-DPA1_CD4",0.0710767423739629
"High","High","HLA-DPA1_CD4",0.0710767423739629
"Low","Low","HLA-DRB5_CD4",0.065323685625671
"High","Low","HLA-DRB5_CD4",0.065323685625671
"Low","High","HLA-DRB5_CD4",0.065323685625671
"High","High","HLA-DRB5_CD4",0.065323685625671
"Low","Low","HLA-DQA1_CD4",0.0611984197462966
"Low","High","HLA-DQA1_CD4",0.0611984197462966
"High","Low","HLA-DQA1_CD4",0.0493714842213423
"High","High","HLA-DQA1_CD4",0.0493714842213423
"Low","Low","ADGRE5_CD55",0.0328653129667577
"High","Low","ADGRE5_CD55",0.0328653129667577
"Low","High","ADGRE5_CD55",0.0328653129667577
"High","High","ADGRE5_CD55",0.0328653129667577
"Low","Low","CD99_PILRA",0.0328653129667577
"Low","High","CD99_PILRA",0.0328653129667577
"High","Low","CD99_CD99",0.0328653129667577
"Low","High","CD99_CD99",0.0328653129667577
"Low","Low","ICAM2_ITGAL_ITGB2",0.0264547771180558
"High","Low","ICAM2_ITGAL_ITGB2",0.0264547771180558
"Low","High","ICAM2_ITGAL_ITGB2",0.0264547771180558
"High","High","ICAM2_ITGAL_ITGB2",0.0264547771180558
"Low","Low","CD99_CD99",0.0112005098295427
