"","p_val","avg_log2FC","pct.1","pct.2","p_val_adj","gene"
"LDHB",6.91339307799801e-222,1.44828084300182,0.576,0.224,1.06701308765821e-217,"LDHB"
"HNMT",3.29858510234016e-188,1.55853666519577,0.485,0.173,5.0910362469518e-184,"HNMT"
"SLC16A3",3.96922128576628e-179,1.4419968081995,0.496,0.188,6.12609613245168e-175,"SLC16A3"
"EP300",9.81979283403034e-112,1.78697507170815,0.281,0.083,1.51558682600424e-107,"EP300"
"HDAC2",1.69503468963016e-111,1.87531615919057,0.266,0.073,2.61611653997518e-107,"HDAC2"
"HDAC1",6.78791369426855e-86,1.63525563907293,0.245,0.079,1.04764659957341e-81,"HDAC1"
"SIRT2",1.65494769865299e-85,1.87838818543873,0.211,0.058,2.55424627810103e-81,"SIRT2"
"HDAC3",3.73065823502358e-75,2.07076803770874,0.169,0.04,5.7578979199354e-71,"HDAC3"
"FCGR3A",8.5045701673039e-16,-0.294583958228657,0.473,0.555,1.31259535962168e-11,"FCGR3A"
"IFITM1",6.45877436100407e-14,-0.307067565177017,0.418,0.498,9.96847234877369e-10,"IFITM1"
"CD99",8.40521622003437e-14,0.257154125179456,0.569,0.487,1.29726107140011e-09,"CD99"
"LINC01272",3.11604453414168e-13,-0.271214165863779,0.481,0.554,4.80930313399426e-09,"LINC01272"
"S100A12",2.26887061618385e-11,0.279225090768722,0.416,0.338,3.50177490901816e-07,"S100A12"
"CDKN1C",2.87643076219868e-10,-0.35348841311962,0.228,0.292,4.43948323837744e-06,"CDKN1C"
"RHOC",1.60793141528072e-09,-0.273116524707158,0.38,0.442,2.48168134634426e-05,"RHOC"
"LYPD2",4.47760976566408e-09,-0.604546893391448,0.084,0.125,6.91074291232595e-05,"LYPD2"
"TCF7L2",9.21445337096196e-09,-0.278007958376757,0.287,0.349,0.000142215873327427,"TCF7L2"
"RNASE2",1.03537325929664e-07,0.462765662449967,0.171,0.129,0.00159799508839843,"RNASE2"
"EMB",1.76147023869483e-07,0.403476595784662,0.176,0.132,0.0027186531664016,"EMB"
"RP11-1143G9.4",1.7679657468401e-07,0.251303433373143,0.349,0.292,0.00272867833367301,"RP11-1143G9.4"
"FABP5",2.47254547100236e-07,0.394854886613872,0.187,0.143,0.00381612667994504,"FABP5"
"HMGA1",3.47212307214737e-07,0.343796227678926,0.235,0.188,0.00535887474955225,"HMGA1"
"MGST1",4.32584786577495e-07,0.378534595172369,0.196,0.152,0.00667651359603706,"MGST1"
"HES4",2.4327905117647e-06,-0.299845119823307,0.223,0.268,0.0375476887585764,"HES4"
"NUCB2",2.50671578678383e-06,0.460177660102937,0.124,0.091,0.0386886514532216,"NUCB2"
"CLEC4E",3.94124452251334e-06,0.267836302685324,0.271,0.225,0.0608291679604709,"CLEC4E"
"NRG1",6.80553189541384e-06,0.419363393612851,0.121,0.089,0.105036579273817,"NRG1"
"STMN1",1.16158370760908e-05,0.508990324408386,0.119,0.089,0.179278829432386,"STMN1"
"IFIT1",2.09002491979233e-05,-0.384858776624699,0.105,0.136,0.322574446120749,"IFIT1"
"CRISPLD2",2.21358680876916e-05,0.418982824116381,0.103,0.075,0.341644988065432,"CRISPLD2"
"CKB",3.37590249019603e-05,-0.436261043946711,0.086,0.114,0.521036790336855,"CKB"
"PSTPIP1",3.51298933403548e-05,0.268609681524953,0.224,0.186,0.542194773815036,"PSTPIP1"
"IFIT3",4.28015385666844e-05,-0.264005902049386,0.211,0.249,0.660598946238206,"IFIT3"
"PXN",4.38532462174357e-05,0.321174835214787,0.161,0.128,0.676831002119902,"PXN"
"TMEM91",4.45010591984712e-05,0.358598077096343,0.121,0.092,0.686829347669204,"TMEM91"
"APOBR",4.86189159190685e-05,0.297628830989051,0.192,0.157,0.750384348294904,"APOBR"
"CTD-2006K23.1",6.22466844056536e-05,-0.316314847834634,0.127,0.159,0.960715327116858,"CTD-2006K23.1"
"ANXA6",7.23689878522861e-05,0.255460379176408,0.204,0.168,1,"ANXA6"
"JAGN1",7.8094307669315e-05,0.302803693195114,0.181,0.148,1,"JAGN1"
"FGFR1OP2",8.10908152209813e-05,0.264901197310547,0.2,0.165,1,"FGFR1OP2"
"MZT2A",9.46316989147721e-05,0.277253770038663,0.205,0.171,1,"MZT2A"
"TREM1",9.63650323103095e-05,0.290930001236752,0.156,0.125,1,"TREM1"
"TMED3",0.000103739273203519,0.333315128881295,0.153,0.123,1,"TMED3"
"DUSP5",0.000105356641128767,-0.279217887363698,0.164,0.198,1,"DUSP5"
"AK2",0.000118013995359798,0.263767194691053,0.21,0.175,1,"AK2"
"VMO1",0.000133239639457416,-0.387326807490304,0.082,0.108,1,"VMO1"
"MPST",0.000136597886072985,0.304256765347985,0.177,0.145,1,"MPST"
"MAN2A1",0.000159105313988594,0.282718176308662,0.167,0.136,1,"MAN2A1"
"TBC1D8",0.000160063963483767,-0.257761644661583,0.177,0.212,1,"TBC1D8"
"CD79B",0.000171033610045506,-0.293986288937842,0.137,0.167,1,"CD79B"
"RAB27A",0.000171369591774521,0.276439795947378,0.181,0.149,1,"RAB27A"
"RILP",0.00017140190012337,0.349155763163477,0.118,0.092,1,"RILP"
"TCN2",0.000180208125845165,0.344889212895998,0.128,0.101,1,"TCN2"
"PLA2G16",0.000230216514205369,0.251731310603503,0.189,0.157,1,"PLA2G16"
"SLC44A1",0.000279107185870681,0.362477243180241,0.112,0.087,1,"SLC44A1"
"EIF3B",0.000310738866605922,0.309878160267524,0.141,0.114,1,"EIF3B"
"CREB5",0.000340894986695018,0.305833164552283,0.143,0.116,1,"CREB5"
"EI24",0.000563490165571125,0.335428931923254,0.127,0.102,1,"EI24"
"SOAT1",0.000596862497121173,0.306068812907827,0.132,0.106,1,"SOAT1"
"MGAT4A",0.000648422778630345,0.312134999647415,0.134,0.109,1,"MGAT4A"
"TMEM248",0.000686697090961516,0.263843193174338,0.174,0.146,1,"TMEM248"
"PTMS",0.000722882989862595,0.271102381239786,0.15,0.124,1,"PTMS"
"C6orf48",0.00077517591048162,0.26865149257311,0.157,0.13,1,"C6orf48"
"CDK12",0.000791100868598751,0.274008230890337,0.128,0.103,1,"CDK12"
"MAZ",0.000800613682878842,0.263859149057347,0.167,0.139,1,"MAZ"
"JUN",0.000842182523210201,0.257800349172742,0.207,0.177,1,"JUN"
"MCEMP1",0.00104594574153308,0.281833054717596,0.13,0.106,1,"MCEMP1"
"ASGR2",0.00111948095898964,0.25671846307713,0.129,0.105,1,"ASGR2"
"PLTP",0.00115846494339004,0.332087825497292,0.108,0.086,1,"PLTP"
"ABHD14B",0.0011603434386374,0.269500445530053,0.148,0.123,1,"ABHD14B"
"DHX29",0.00134566646633871,0.279053606750823,0.148,0.123,1,"DHX29"
"KCTD20",0.00136367301275989,0.267444869670189,0.165,0.139,1,"KCTD20"
"DDX27",0.00138544277512237,0.277988455154884,0.149,0.124,1,"DDX27"
"DYM",0.00139629856447683,0.325581936737568,0.113,0.091,1,"DYM"
"ARPC5L",0.00140702266214348,0.260982289396376,0.154,0.129,1,"ARPC5L"
"NME4",0.00145121321899296,0.314931466081522,0.113,0.091,1,"NME4"
"BAZ1B",0.00159291449261026,0.302367957651376,0.129,0.106,1,"BAZ1B"
"NDUFAF2",0.00161524666265565,0.329502306108911,0.104,0.083,1,"NDUFAF2"
"PAFAH1B2",0.00162631954202209,0.269059678792281,0.132,0.109,1,"PAFAH1B2"
"EDEM3",0.00190052579610435,0.275172829113612,0.139,0.116,1,"EDEM3"
"VPS39",0.00192552431024585,0.341910209433356,0.1,0.08,1,"VPS39"
"BATF3",0.00200371422529899,-0.251834844394331,0.133,0.158,1,"BATF3"
"TUG1",0.00223260436929805,0.308182985771161,0.111,0.09,1,"TUG1"
"MLKL",0.00227150303216625,0.304500307694338,0.118,0.097,1,"MLKL"
"SAR1A",0.00227310956306652,0.250624054382669,0.151,0.127,1,"SAR1A"
"CAND1",0.00230547532934301,0.311711689465508,0.106,0.085,1,"CAND1"
"RAB13",0.00252451123011003,0.282868493577671,0.112,0.091,1,"RAB13"
"TBC1D14",0.00258990344661753,0.323234284672933,0.1,0.08,1,"TBC1D14"
"FAM198B",0.00277878673369841,0.253858808937889,0.152,0.128,1,"FAM198B"
"APOBEC3G",0.0030533977797721,-0.252228324566111,0.127,0.15,1,"APOBEC3G"
"PHF21A",0.00321739229578511,0.272515322758391,0.122,0.101,1,"PHF21A"
"DNM1L",0.00389123610600064,0.274224132826643,0.13,0.109,1,"DNM1L"
"RETN",0.0042912346147165,0.334867913761146,0.168,0.146,1,"RETN"
"KDM7A",0.00444073960943013,0.269936239232472,0.104,0.085,1,"KDM7A"
"TSN",0.00483344091223602,0.262169948800506,0.12,0.1,1,"TSN"
"RBBP8",0.00554780889000342,-0.273482726500805,0.091,0.11,1,"RBBP8"
"DCAF8",0.0055608272960907,0.262102170498791,0.114,0.094,1,"DCAF8"
"CUL1",0.00586765701048034,0.274848010713422,0.117,0.098,1,"CUL1"
"IDH1",0.00603044907771437,0.26133878741328,0.109,0.09,1,"IDH1"
"TFEB",0.00615930000834744,0.280723000771219,0.112,0.093,1,"TFEB"
"LINC00998",0.00634642260153209,0.303770853267279,0.104,0.086,1,"LINC00998"
"MAN2C1",0.00652450266138001,0.279788944604983,0.114,0.095,1,"MAN2C1"
"RASA4",0.00672822393579023,0.262102170498791,0.113,0.094,1,"RASA4"
"KCNQ1",0.00752744561059312,0.254384149850012,0.116,0.097,1,"KCNQ1"
"GPATCH2L",0.00817161971217352,0.259974031684367,0.108,0.09,1,"GPATCH2L"
"RNF24",0.00856739899107917,0.262737538471437,0.11,0.092,1,"RNF24"
"CPSF7",0.00877855995440656,0.263413115651138,0.116,0.097,1,"CPSF7"
"ISY1",0.00893345685957501,0.282580526389096,0.102,0.085,1,"ISY1"
"APMAP",0.00900449867196223,0.253762945617419,0.115,0.097,1,"APMAP"
"KAT6A",0.0093442219625485,0.25671846307713,0.122,0.103,1,"KAT6A"
"DDX52",0.00952097420918683,0.279698199238628,0.1,0.083,1,"DDX52"
"APOC1",0.0275319647549348,0.278558909339539,0.115,0.1,1,"APOC1"
