"MajorCluster","n_cells","M2_mean","M2_sd","M2_median"
"M01_pDC_LILRA4",89,0.0143821081501273,0.049628260356724,0.00774687094199412
"M05_Mono_CD14",2321,0.00721054562426159,0.0628041165795862,0.00349420722089561
"M03_cDC2_CD1C",314,0.00406144582165395,0.0569671749778519,-0.00297252504918514
"M08_Macro_NLRP3",151,0.00109025469553839,0.0579974564373051,-0.0050993435653776
"M09_Macro_C1QC",1005,0.000518538357690449,0.0585441105376023,-0.00523771536972646
"M02_cDC1_CLEC9A",42,-0.000662871398720383,0.0511195565565983,-0.00779195592531935
"M06_Mono_CD14CD16",1608,-0.00374034588005687,0.0618856684850113,-0.00957690830400551
"M07_Mono_CD16",2083,-0.011608464764764,0.0646485528587697,-0.016367472718263
"M04_cDC3_LAMP3",6,-0.0144658295666138,0.044949526130342,-0.0130678145018217
