"Pathway","Group","mean_score","sd_score"
"GLYCOLYSIS","Low",0.346303285991641,0.0861811779751975
"GLYCOLYSIS","High",0.36941076236242,0.0902423099511185
"INFLAMMATORY_RESPONSE","Low",0.118445937715066,0.127738293715136
"INFLAMMATORY_RESPONSE","High",0.119839661720299,0.128972666371166
"INTERFERON_GAMMA_RESPONSE","Low",0.22787315036874,0.107058515650228
"INTERFERON_GAMMA_RESPONSE","High",0.221658672884884,0.105648955651003
"OXIDATIVE_PHOSPHORYLATION","Low",0.426505854210445,0.103425156718986
"OXIDATIVE_PHOSPHORYLATION","High",0.431166672584315,0.0961763765407149
"TNFA_SIGNALING_VIA_NFKB","Low",0.157883223510001,0.107094951370937
"TNFA_SIGNALING_VIA_NFKB","High",0.160879131635963,0.105326823178852
