"p_val","avg_log2FC","pct.1","pct.2","p_val_adj","gene"
6.91339307799801e-222,1.44828084300182,0.576,0.224,1.06701308765821e-217,"LDHB"
3.29858510234016e-188,1.55853666519577,0.485,0.173,5.0910362469518e-184,"HNMT"
3.96922128576628e-179,1.4419968081995,0.496,0.188,6.12609613245168e-175,"SLC16A3"
9.81979283403034e-112,1.78697507170815,0.281,0.083,1.51558682600424e-107,"EP300"
1.69503468963016e-111,1.87531615919057,0.266,0.073,2.61611653997518e-107,"HDAC2"
6.78791369426855e-86,1.63525563907293,0.245,0.079,1.04764659957341e-81,"HDAC1"
1.65494769865299e-85,1.87838818543873,0.211,0.058,2.55424627810103e-81,"SIRT2"
3.73065823502358e-75,2.07076803770874,0.169,0.04,5.7578979199354e-71,"HDAC3"
4.47760976566408e-09,-0.604546893391448,0.084,0.125,6.91074291232595e-05,"LYPD2"
