"ID","Description","GeneRatio","BgRatio","RichFactor","FoldEnrichment","zScore","pvalue","p.adjust","qvalue","geneID","Count"
"GO:0006476","protein deacetylation","4/8","24/18860",0.166666666666667,392.916666666667,39.5758836783197,1.40661682619785e-10,1.05636923647459e-07,3.87930114172461e-08,"EP300/HDAC1/SIRT2/HDAC3",4
"GO:0035601","protein deacylation","4/8","31/18860",0.129032258064516,304.193548387097,34.8026876007097,4.16022986754045e-10,1.56216631526144e-07,5.73673802787156e-08,"EP300/HDAC1/SIRT2/HDAC3",4
"GO:0098732","macromolecule deacylation","4/8","40/18860",0.1,235.75,30.6162076851531,1.2064910986502e-09,3.02024938362101e-07,1.10912515033808e-07,"EP300/HDAC1/SIRT2/HDAC3",4
"GO:0040029","epigenetic regulation of gene expression","5/8","305/18860",0.0163934426229508,38.6475409836066,13.6546842904573,5.7612233613628e-08,1.08166968609587e-05,3.97221189651856e-06,"EP300/HDAC2/HDAC1/SIRT2/HDAC3",5
"GO:0031507","heterochromatin formation","4/8","163/18860",0.0245398773006135,57.8527607361963,15.0170630786929,3.66406946741042e-07,5.50343234005045e-05,2.02102357991901e-05,"HDAC2/HDAC1/SIRT2/HDAC3",4
"GO:0045814","negative regulation of gene expression, epigenetic","4/8","197/18860",0.0203045685279188,47.8680203045685,13.6221168917994,7.82260382703456e-07,9.79129245683826e-05,3.59565298716326e-05,"HDAC2/HDAC1/SIRT2/HDAC3",4
"GO:0010453","regulation of cell fate commitment","3/8","49/18860",0.0612244897959184,144.336734693878,20.6954661610095,9.14516154510842e-07,9.81145188625203e-05,3.60305612754648e-05,"EP300/HDAC2/HDAC1",3
"GO:0007623","circadian rhythm","4/8","212/18860",0.0188679245283019,44.4811320754717,13.1153006693081,1.04872760452617e-06,9.84493038748942e-05,3.61535042612969e-05,"EP300/HDAC2/HDAC1/HDAC3",4
"GO:0032922","circadian regulation of gene expression","3/8","67/18860",0.0447761194029851,105.559701492537,17.6615692046152,2.36936018174645e-06,0.00019770994405462,7.26049552769087e-05,"HDAC2/HDAC1/HDAC3",3
"GO:0048511","rhythmic process","4/8","302/18860",0.0132450331125828,31.2251655629139,10.9076748372451,4.28892262013004e-06,0.00030927038078044,0.00011357325638023,"EP300/HDAC2/HDAC1/HDAC3",4
"GO:0033143","regulation of intracellular steroid hormone receptor signaling pathway","3/8","83/18860",0.036144578313253,85.210843373494,15.8387012826108,4.52992568386797e-06,0.00030927038078044,0.00011357325638023,"EP300/HDAC2/HDAC1",3
"GO:0043587","tongue morphogenesis","2/8","10/18860",0.2,471.5,30.6569932818407,7.07299137439512e-06,0.000381056757801204,0.000139935343112924,"HDAC2/HDAC1",2
"GO:0090042","tubulin deacetylation","2/8","10/18860",0.2,471.5,30.6569932818407,7.07299137439512e-06,0.000381056757801204,0.000139935343112924,"EP300/SIRT2",2
"GO:0048545","response to steroid hormone","4/8","343/18860",0.0116618075801749,27.4927113702624,10.2003192127457,7.10358802825147e-06,0.000381056757801204,0.000139935343112924,"EP300/HDAC2/HDAC1/HDAC3",4
"GO:0014013","regulation of gliogenesis","3/8","110/18860",0.0272727272727273,64.2954545454545,13.714937656206,1.05832391027181e-05,0.000529867504409422,0.000194583062800853,"HDAC2/HDAC1/SIRT2",3
"GO:0060788","ectodermal placode formation","2/8","13/18860",0.153846153846154,362.692307692308,26.8729560320793,1.22520510719833e-05,0.000541252373827027,0.000198763924511432,"HDAC2/HDAC1",2
"GO:0071697","ectodermal placode morphogenesis","2/8","13/18860",0.153846153846154,362.692307692308,26.8729560320793,1.22520510719833e-05,0.000541252373827027,0.000198763924511432,"HDAC2/HDAC1",2
"GO:0033148","positive regulation of intracellular estrogen receptor signaling pathway","2/8","14/18860",0.142857142857143,336.785714285714,25.8906079339555,1.42910272071412e-05,0.000564871654345423,0.000207437624834958,"HDAC2/HDAC1",2
"GO:0061029","eyelid development in camera-type eye","2/8","14/18860",0.142857142857143,336.785714285714,25.8906079339555,1.42910272071412e-05,0.000564871654345423,0.000207437624834958,"HDAC2/HDAC1",2
"GO:0071696","ectodermal placode development","2/8","15/18860",0.133333333333333,314.333333333333,25.0080463571624,1.64861485771493e-05,0.000619054879071958,0.000227335311958586,"HDAC2/HDAC1",2
"GO:0006090","pyruvate metabolic process","3/8","132/18860",0.0227272727272727,53.5795454545455,12.4877357691755,1.82918440580855e-05,0.000641186628541377,0.000235462746762689,"LDHB/SLC16A3/EP300",3
"GO:0030522","intracellular receptor signaling pathway","4/8","447/18860",0.00894854586129754,21.0961968680089,8.85790401135313,2.0208377625679e-05,0.000641186628541377,0.000235462746762689,"EP300/HDAC2/HDAC1/SIRT2",4
"GO:0098773","skin epidermis development","3/8","137/18860",0.0218978102189781,51.6240875912409,12.2505442130922,2.04469545043934e-05,0.000641186628541377,0.000235462746762689,"HDAC2/HDAC1/HDAC3",3
"GO:0010720","positive regulation of cell development","4/8","451/18860",0.00886917960088692,20.9090909090909,8.8155661771649,2.09295423151311e-05,0.000641186628541377,0.000235462746762689,"EP300/HDAC2/HDAC1/SIRT2",4
"GO:0033145","positive regulation of intracellular steroid hormone receptor signaling pathway","2/8","17/18860",0.117647058823529,277.352941176471,23.4822190997239,2.13444283802056e-05,0.000641186628541377,0.000235462746762689,"HDAC2/HDAC1",2
"GO:0030518","nuclear receptor-mediated steroid hormone signaling pathway","3/8","147/18860",0.0204081632653061,48.1122448979592,11.8126235976847,2.52468000918872e-05,0.000702235069222492,0.000257881544798224,"EP300/HDAC2/HDAC1",3
"GO:0043401","steroid hormone receptor signaling pathway","3/8","147/18860",0.0204081632653061,48.1122448979592,11.8126235976847,2.52468000918872e-05,0.000702235069222492,0.000257881544798224,"EP300/HDAC2/HDAC1",3
"GO:0043586","tongue development","2/8","19/18860",0.105263157894737,248.157894736842,22.2036780339448,2.68260935950759e-05,0.000719514153210785,0.000264226936913905,"HDAC2/HDAC1",2
"GO:0042659","regulation of cell fate specification","2/8","23/18860",0.0869565217391304,205,20.1657242725894,3.96563958898941e-05,0.00102696390735553,0.000377131605196089,"HDAC2/HDAC1",2
"GO:0017015","regulation of transforming growth factor beta receptor signaling pathway","3/8","181/18860",0.0165745856353591,39.0745856353591,10.6028659370728,4.69917655167379e-05,0.00113869629742853,0.000418163052668408,"EP300/HDAC2/HDAC1",3
"GO:0048714","positive regulation of oligodendrocyte differentiation","2/8","25/18860",0.08,188.6,19.3350649068954,4.70034423705519e-05,0.00113869629742853,0.000418163052668408,"HDAC2/HDAC1",2
"GO:1903844","regulation of cellular response to transforming growth factor beta stimulus","3/8","184/18860",0.016304347826087,38.4375,10.5123406780671,4.93511723381735e-05,0.00115821032581151,0.000425329182651364,"EP300/HDAC2/HDAC1",3
"GO:1902455","negative regulation of stem cell population maintenance","2/8","26/18860",0.0769230769230769,181.346153846154,18.9560516743689,5.09095918126263e-05,0.0011585788924631,0.000425464531257036,"HDAC2/HDAC1",2
"GO:0043921","host-mediated perturbation of viral transcription","2/8","29/18860",0.0689655172413793,162.586206896552,17.9387510073141,6.35573542540427e-05,0.00140386979543488,0.000515542625837746,"EP300/HDAC1",2
"GO:0141193","nuclear receptor-mediated signaling pathway","3/8","211/18860",0.014218009478673,33.5189573459716,9.78533444754541,7.41753978047545e-05,0.00159159210718202,0.000584479826311148,"EP300/HDAC2/HDAC1",3
"GO:0071383","cellular response to steroid hormone stimulus","3/8","222/18860",0.0135135135135135,31.8581081081081,9.52734162084999,8.62628388644487e-05,0.00178065601505375,0.000653909700671502,"EP300/HDAC2/HDAC1",3
"GO:0060765","regulation of androgen receptor signaling pathway","2/8","34/18860",0.0588235294117647,138.676470588235,16.5518203384407,8.77287251091729e-05,0.00178065601505375,0.000653909700671502,"EP300/HDAC1",2
"GO:0009755","hormone-mediated signaling pathway","3/8","237/18860",0.0126582278481013,29.8417721518987,9.2044300415422,0.000104732111248225,0.00206983725124781,0.000760105627341688,"EP300/HDAC2/HDAC1",3
"GO:0033146","regulation of intracellular estrogen receptor signaling pathway","2/8","38/18860",0.0526315789473684,124.078947368421,15.6447380283388,0.000109841284832956,0.0021151488438346,0.00077674538802252,"HDAC2/HDAC1",2
"GO:0016054","organic acid catabolic process","3/8","248/18860",0.0120967741935484,28.5181451612903,8.98615869557938,0.000119806018502748,0.00217826735285406,0.000799924376547429,"LDHB/HNMT/SLC16A3",3
"GO:0046395","carboxylic acid catabolic process","3/8","248/18860",0.0120967741935484,28.5181451612903,8.98615869557938,0.000119806018502748,0.00217826735285406,0.000799924376547429,"LDHB/HNMT/SLC16A3",3
"GO:0042307","positive regulation of protein import into nucleus","2/8","40/18860",0.05,117.875,15.2428936025656,0.000121820544367337,0.00217826735285406,0.000799924376547429,"EP300/HDAC3",2
"GO:0007179","transforming growth factor beta receptor signaling pathway","3/8","258/18860",0.0116279069767442,27.4127906976744,8.79974183462897,0.000134684509360116,0.00235228061696389,0.000863827208135875,"EP300/HDAC2/HDAC1",3
"GO:0045687","positive regulation of glial cell differentiation","2/8","43/18860",0.0465116279069767,109.651162790698,14.6932890445593,0.000140940937268257,0.00237911102394385,0.000873680129333924,"HDAC2/HDAC1",2
"GO:0010001","glial cell differentiation","3/8","263/18860",0.0114068441064639,26.8916349809886,8.71046846204841,0.000142556585988646,0.00237911102394385,0.000873680129333924,"HDAC2/HDAC1/SIRT2",3
"GO:0048713","regulation of oligodendrocyte differentiation","2/8","44/18860",0.0454545454545455,107.159090909091,14.5226370986171,0.000147621074746396,0.00241007450292485,0.000885050837152303,"HDAC2/HDAC1",2
"GO:1902459","positive regulation of stem cell population maintenance","2/8","50/18860",0.04,94.3,13.6081114146029,0.000190915073402233,0.00305057915159739,0.00112026314068052,"HDAC2/HDAC1",2
"GO:0030521","androgen receptor signaling pathway","2/8","52/18860",0.0384615384615385,90.6730769230769,13.3388394037158,0.000206568111469643,0.00323193024403545,0.00118686064046154,"EP300/HDAC1",2
"GO:0045165","cell fate commitment","3/8","304/18860",0.00986842105263158,23.2648026315789,8.06193083128926,0.000218696870829038,0.00335186428556342,0.00123090397759845,"EP300/HDAC2/HDAC1",3
"GO:0071560","cellular response to transforming growth factor beta stimulus","3/8","311/18860",0.00964630225080386,22.7411575562701,7.96394432851199,0.000233878330004299,0.00351285251666457,0.00129002363076055,"EP300/HDAC2/HDAC1",3
"GO:0071559","response to transforming growth factor beta","3/8","318/18860",0.00943396226415094,22.2405660377358,7.86913445448374,0.000249731180797926,0.00367741405449494,0.00135045550813326,"EP300/HDAC2/HDAC1",3
"GO:0030520","estrogen receptor signaling pathway","2/8","59/18860",0.0338983050847458,79.9152542372881,12.5061058254845,0.000266148739417989,0.00384380198659442,0.00141155809165006,"HDAC2/HDAC1",2
"GO:0043588","skin development","3/8","329/18860",0.00911854103343465,21.4969604863222,7.72615813910484,0.000276030960216729,0.0038636321753984,0.00141884032511652,"HDAC2/HDAC1/HDAC3",3
"GO:0090092","regulation of transmembrane receptor protein serine/threonine kinase signaling pathway","3/8","331/18860",0.00906344410876133,21.3670694864048,7.70091198008735,0.000280998328314466,0.0038636321753984,0.00141884032511652,"EP300/HDAC2/HDAC1",3
"GO:0042733","embryonic digit morphogenesis","2/8","61/18860",0.0327868852459016,77.2950819672131,12.2947498143536,0.000284538538755547,0.0038636321753984,0.00141884032511652,"HDAC2/HDAC1",2
"GO:0042306","regulation of protein import into nucleus","2/8","62/18860",0.032258064516129,76.0483870967742,12.1928994780076,0.000293960742550795,0.0038636321753984,0.00141884032511652,"EP300/HDAC3",2
"GO:0071709","membrane assembly","2/8","62/18860",0.032258064516129,76.0483870967742,12.1928994780076,0.000293960742550795,0.0038636321753984,0.00141884032511652,"SIRT2/HDAC3",2
"GO:0046824","positive regulation of nucleocytoplasmic transport","2/8","63/18860",0.0317460317460317,74.8412698412698,12.0934654673868,0.000303534351995347,0.0038636321753984,0.00141884032511652,"EP300/HDAC3",2
"GO:0140719","constitutive heterochromatin formation","2/8","63/18860",0.0317460317460317,74.8412698412698,12.0934654673868,0.000303534351995347,0.0038636321753984,0.00141884032511652,"HDAC1/SIRT2",2
"GO:0034605","cellular response to heat","2/8","66/18860",0.0303030303030303,71.4393939393939,11.8087404016033,0.000333162636647771,0.00417008566870793,0.00153137913687221,"EP300/HDAC2",2
"GO:0042063","gliogenesis","3/8","357/18860",0.00840336134453781,19.8109243697479,7.39177568690513,0.000350949305969286,0.00425101498036989,0.00156109878037271,"HDAC2/HDAC1/SIRT2",3
"GO:0070482","response to oxygen levels","3/8","357/18860",0.00840336134453781,19.8109243697479,7.39177568690513,0.000350949305969286,0.00425101498036989,0.00156109878037271,"EP300/HDAC2/SIRT2",3
"GO:0014015","positive regulation of gliogenesis","2/8","70/18860",0.0285714285714286,67.3571428571429,11.4577387732665,0.000374780767928981,0.00439781807366664,0.00161500923022028,"HDAC2/HDAC1",2
"GO:0044091","membrane biogenesis","2/8","70/18860",0.0285714285714286,67.3571428571429,11.4577387732665,0.000374780767928981,0.00439781807366664,0.00161500923022028,"SIRT2/HDAC3",2
"GO:0044282","small molecule catabolic process","3/8","373/18860",0.00804289544235925,18.9611260053619,7.21739315111559,0.000399141521675782,0.00461161973505403,0.00169352354136121,"LDHB/HNMT/SLC16A3",3
"GO:0050767","regulation of neurogenesis","3/8","378/18860",0.00793650793650794,18.7103174603175,7.16511839900499,0.000415035890442082,0.00472260535942429,0.00173428075431938,"HDAC2/HDAC1/SIRT2",3
"GO:2000036","regulation of stem cell population maintenance","2/8","75/18860",0.0266666666666667,62.8666666666667,11.0587835379988,0.000430191754224694,0.00482200011078724,0.00177078145493904,"HDAC2/HDAC1",2
"GO:0090287","regulation of cellular response to growth factor stimulus","3/8","385/18860",0.00779220779220779,18.3701298701299,7.09360195175322,0.000437969719765275,0.00483698911093708,0.00177628586034833,"EP300/HDAC2/HDAC1",3
"GO:0044788","host-mediated perturbation of viral process","2/8","77/18860",0.025974025974026,61.2337662337662,10.9100944582205,0.000453407793346128,0.00486441789718489,0.00178635852416069,"EP300/HDAC1",2
"GO:0045685","regulation of glial cell differentiation","2/8","77/18860",0.025974025974026,61.2337662337662,10.9100944582205,0.000453407793346128,0.00486441789718489,0.00178635852416069,"HDAC2/HDAC1",2
"GO:0008544","epidermis development","3/8","402/18860",0.00746268656716418,17.5932835820896,6.92753373503892,0.000497048387264881,0.0052575118145905,0.00193071426928686,"HDAC2/HDAC1/HDAC3",3
"GO:0141091","transforming growth factor beta receptor superfamily signaling pathway","3/8","411/18860",0.0072992700729927,17.2080291970803,6.84368976486793,0.000530311091264815,0.00553143929916494,0.00203130856595587,"EP300/HDAC2/HDAC1",3
"GO:2000736","regulation of stem cell differentiation","2/8","86/18860",0.0232558139534884,54.8255813953488,10.3058817869861,0.000565290935506387,0.00581552729541502,0.00213563410385974,"HDAC2/HDAC1",2
"GO:0014706","striated muscle tissue development","3/8","430/18860",0.00697674418604651,16.4476744186047,6.67513841921611,0.000605187736852427,0.00606079092281528,0.00222570218204163,"EP300/SIRT2/HDAC3",3
"GO:2000243","positive regulation of reproductive process","2/8","89/18860",0.0224719101123595,52.9775280898876,10.1249416363651,0.000605272062864375,0.00606079092281528,0.00222570218204163,"HDAC2/SIRT2",2
"GO:0007492","endoderm development","2/8","90/18860",0.0222222222222222,52.3888888888889,10.0666264740973,0.00061889679310021,0.00611567752129287,0.0022458581688678,"EP300/HDAC1",2
"GO:0042475","odontogenesis of dentin-containing tooth","2/8","91/18860",0.021978021978022,51.8131868131868,10.0092646024532,0.000632670205988975,0.00617058863243792,0.00226602315747247,"HDAC2/HDAC1",2
"GO:0032008","positive regulation of TOR signaling","2/8","93/18860",0.021505376344086,50.6989247311828,9.89729803058972,0.000660662693024588,0.00633545077515712,0.00232656542587591,"EP300/HDAC3",2
"GO:0007178","cell surface receptor protein serine/threonine kinase signaling pathway","3/8","446/18860",0.00672645739910314,15.8576233183857,6.54136392835265,0.000673284931639715,0.00633545077515712,0.00232656542587591,"EP300/HDAC2/HDAC1",3
"GO:0090316","positive regulation of intracellular protein transport","2/8","94/18860",0.0212765957446809,50.1595744680851,9.84264437625047,0.000674881573918202,0.00633545077515712,0.00232656542587591,"EP300/HDAC3",2
"GO:0060537","muscle tissue development","3/8","453/18860",0.00662251655629139,15.612582781457,6.48500309286401,0.000704566075383143,0.006532458303861,0.0023989124334033,"EP300/SIRT2/HDAC3",3
"GO:0001942","hair follicle development","2/8","99/18860",0.0202020202020202,47.6262626262626,9.58177170881181,0.0007481984905741,0.00684050573464978,0.00251203658627548,"HDAC2/HDAC1",2
"GO:1900182","positive regulation of protein localization to nucleus","2/8","100/18860",0.02,47.15,9.53193114585234,0.000763305701179221,0.00684050573464978,0.00251203658627548,"EP300/HDAC3",2
"GO:0051960","regulation of nervous system development","3/8","466/18860",0.00643776824034335,15.1770386266094,6.38360488084831,0.000765116486964822,0.00684050573464978,0.00251203658627548,"HDAC2/HDAC1/SIRT2",3
"GO:0022404","molting cycle process","2/8","102/18860",0.0196078431372549,46.2254901960784,9.43443096999635,0.000793963178745884,0.00693332961904836,0.00254612426966244,"HDAC2/HDAC1",2
"GO:0022405","hair cycle process","2/8","102/18860",0.0196078431372549,46.2254901960784,9.43443096999635,0.000793963178745884,0.00693332961904836,0.00254612426966244,"HDAC2/HDAC1",2
"GO:0009408","response to heat","2/8","103/18860",0.0194174757281553,45.7766990291262,9.38673603623432,0.000809513253152456,0.00698786727721258,0.00256615211525643,"EP300/HDAC2",2
"GO:0010507","negative regulation of autophagy","2/8","108/18860",0.0185185185185185,43.6574074074074,9.15815828846726,0.000889473133803746,0.00759084458507515,0.00278758326622705,"EP300/SIRT2",2
"GO:0048709","oligodendrocyte differentiation","2/8","109/18860",0.018348623853211,43.256880733945,9.11431587706215,0.000905906338934854,0.00764422090494466,0.00280718463395543,"HDAC2/HDAC1",2
"GO:0051851","host-mediated perturbation of symbiont process","2/8","110/18860",0.0181818181818182,42.8636363636364,9.07106469038832,0.000922486396339153,0.00769763648500782,0.00282680041919132,"EP300/HDAC1",2
"GO:0001708","cell fate specification","2/8","112/18860",0.0178571428571429,42.0982142857143,8.98628316297877,0.000956086684211686,0.00789034175651622,0.00289756751027717,"HDAC2/HDAC1",2
"GO:0046822","regulation of nucleocytoplasmic transport","2/8","121/18860",0.0165289256198347,38.9669421487603,8.6307931519293,0.00111453186414165,0.00909797206489544,0.00334104517625987,"EP300/HDAC3",2
"GO:0035821","modulation of process of another organism","2/8","124/18860",0.0161290322580645,38.0241935483871,8.52086372266126,0.00116997302776753,0.00944784670810121,0.00346952952207235,"EP300/HDAC1",2
"GO:0042303","molting cycle","2/8","127/18860",0.015748031496063,37.1259842519685,8.41479403463249,0.00122672294549877,0.00959825061440785,0.00352476229725259,"HDAC2/HDAC1",2
"GO:0042633","hair cycle","2/8","127/18860",0.015748031496063,37.1259842519685,8.41479403463249,0.00122672294549877,0.00959825061440785,0.00352476229725259,"HDAC2/HDAC1",2
"GO:0072329","monocarboxylic acid catabolic process","2/8","128/18860",0.015625,36.8359375,8.38025606374475,0.00124592997401755,0.00959825061440785,0.00352476229725259,"LDHB/SLC16A3",2
"GO:0018205","peptidyl-lysine modification","2/8","129/18860",0.0155038759689922,36.5503875968992,8.34611417401084,0.00126528203838399,0.00959825061440785,0.00352476229725259,"EP300/SIRT2",2
"GO:0030326","embryonic limb morphogenesis","2/8","129/18860",0.0155038759689922,36.5503875968992,8.34611417401084,0.00126528203838399,0.00959825061440785,0.00352476229725259,"HDAC2/HDAC1",2
"GO:0035113","embryonic appendage morphogenesis","2/8","129/18860",0.0155038759689922,36.5503875968992,8.34611417401084,0.00126528203838399,0.00959825061440785,0.00352476229725259,"HDAC2/HDAC1",2
"GO:0030512","negative regulation of transforming growth factor beta receptor signaling pathway","2/8","132/18860",0.0151515151515152,35.719696969697,8.24598991861269,0.00132420749459916,0.00989655099690438,0.00363430704490707,"HDAC2/HDAC1",2
"GO:0042476","odontogenesis","2/8","133/18860",0.0150375939849624,35.4511278195489,8.21335826986751,0.00134413875057822,0.00989655099690438,0.00363430704490707,"HDAC2/HDAC1",2
"GO:0062014","negative regulation of small molecule metabolic process","2/8","133/18860",0.0150375939849624,35.4511278195489,8.21335826986751,0.00134413875057822,0.00989655099690438,0.00363430704490707,"EP300/SIRT2",2
"GO:0032612","interleukin-1 production","2/8","136/18860",0.0147058823529412,34.6691176470588,8.1175968964038,0.00140479949936153,0.0101442733078895,0.00372527802462267,"HDAC2/HDAC3",2
"GO:0032652","regulation of interleukin-1 production","2/8","136/18860",0.0147058823529412,34.6691176470588,8.1175968964038,0.00140479949936153,0.0101442733078895,0.00372527802462267,"HDAC2/HDAC3",2
"GO:0032388","positive regulation of intracellular transport","2/8","142/18860",0.0140845070422535,33.2042253521127,7.93510934977272,0.00153001386632903,0.0109432420344105,0.00401868303737549,"EP300/HDAC3",2
"GO:0031333","negative regulation of protein-containing complex assembly","2/8","146/18860",0.0136986301369863,32.2945205479452,7.8196447947979,0.00161636550161964,0.0114517970916637,0.0042054395374811,"EP300/SIRT2",2
"GO:0033157","regulation of intracellular protein transport","2/8","152/18860",0.0131578947368421,31.0197368421053,7.6549190491553,0.00175019090104002,0.0122840501558977,0.00451106754621236,"EP300/HDAC3",2
"GO:0035107","appendage morphogenesis","2/8","157/18860",0.0127388535031847,30.031847133758,7.52479141500286,0.00186563886861226,0.0128540806452092,0.0047203996482512,"HDAC2/HDAC1",2
"GO:0035108","limb morphogenesis","2/8","157/18860",0.0127388535031847,30.031847133758,7.52479141500286,0.00186563886861226,0.0128540806452092,0.0047203996482512,"HDAC2/HDAC1",2
"GO:1900180","regulation of protein localization to nucleus","2/8","158/18860",0.0126582278481013,29.8417721518987,7.4994958128332,0.00188915570924114,0.0128977812512736,0.00473644780690123,"EP300/HDAC3",2
"GO:0032006","regulation of TOR signaling","2/8","162/18860",0.0123456790123457,29.1049382716049,7.4006211669521,0.00198464409161674,0.0134276370522898,0.00493102657186899,"EP300/HDAC3",2
"GO:0061351","neural precursor cell proliferation","2/8","168/18860",0.0119047619047619,28.0654761904762,7.25885356555975,0.00213212938880409,0.0142966890267131,0.00525016823182962,"SIRT2/HDAC3",2
"GO:0009266","response to temperature stimulus","2/8","175/18860",0.0114285714285714,26.9428571428571,7.10257593637223,0.00231062135031248,0.0153564303901298,0.00563933669102813,"EP300/HDAC2",2
"GO:0006606","protein import into nucleus","2/8","178/18860",0.0112359550561798,26.4887640449438,7.03837986854018,0.00238922880657699,0.0156027029020811,0.00572977526153933,"EP300/HDAC3",2
"GO:0035264","multicellular organism growth","2/8","178/18860",0.0112359550561798,26.4887640449438,7.03837986854018,0.00238922880657699,0.0156027029020811,0.00572977526153933,"EP300/HDAC3",2
"GO:0046496","nicotinamide nucleotide metabolic process","2/8","179/18860",0.0111731843575419,26.340782122905,7.0173328769807,0.00241571206027798,0.0156396530799031,0.00574334446272986,"LDHB/EP300",2
"GO:0007519","skeletal muscle tissue development","2/8","183/18860",0.0109289617486339,25.7650273224044,6.93483935520623,0.00252304642851981,0.0161949390411827,0.00594726193677184,"EP300/SIRT2",2
"GO:0051170","import into nucleus","2/8","184/18860",0.0108695652173913,25.625,6.91462809208422,0.00255022989287345,0.016230700419898,0.00596039457567211,"EP300/HDAC3",2
"GO:0072524","pyridine-containing compound metabolic process","2/8","186/18860",0.010752688172043,25.3494623655914,6.87468462141685,0.00260501601636974,0.0164400590612914,0.00603727727809704,"LDHB/EP300",2
"GO:0031929","TOR signaling","2/8","190/18860",0.0105263157894737,24.8157894736842,6.79665510515185,0.00271626243757979,0.0169992757551869,0.00624263823373602,"EP300/HDAC3",2
"GO:0019827","stem cell population maintenance","2/8","195/18860",0.0102564102564103,24.1794871794872,6.70243699556537,0.00285845187483887,0.0173469365847762,0.0063703096015297,"HDAC2/HDAC1",2
"GO:0032640","tumor necrosis factor production","2/8","196/18860",0.0102040816326531,24.0561224489796,6.68401707955699,0.00288730635565516,0.0173469365847762,0.0063703096015297,"HDAC2/HDAC3",2
"GO:0032680","regulation of tumor necrosis factor production","2/8","196/18860",0.0102040816326531,24.0561224489796,6.68401707955699,0.00288730635565516,0.0173469365847762,0.0063703096015297,"HDAC2/HDAC3",2
"GO:0048736","appendage development","2/8","196/18860",0.0102040816326531,24.0561224489796,6.68401707955699,0.00288730635565516,0.0173469365847762,0.0063703096015297,"HDAC2/HDAC1",2
"GO:0060173","limb development","2/8","196/18860",0.0102040816326531,24.0561224489796,6.68401707955699,0.00288730635565516,0.0173469365847762,0.0063703096015297,"HDAC2/HDAC1",2
"GO:0060538","skeletal muscle organ development","2/8","197/18860",0.0101522842639594,23.9340101522843,6.66573422691969,0.00291629948461912,0.0173820707376902,0.00638321190451303,"EP300/SIRT2",2
"GO:0098727","maintenance of cell number","2/8","200/18860",0.01,23.575,6.61169095237125,0.00300410983430915,0.0176610552643658,0.00648566329702691,"HDAC2/HDAC1",2
"GO:0071706","tumor necrosis factor superfamily cytokine production","2/8","201/18860",0.00995024875621891,23.4577114427861,6.59393940520383,0.0030336566299643,0.0176610552643658,0.00648566329702691,"HDAC2/HDAC3",2
"GO:1903555","regulation of tumor necrosis factor superfamily cytokine production","2/8","201/18860",0.00995024875621891,23.4577114427861,6.59393940520383,0.0030336566299643,0.0176610552643658,0.00648566329702691,"HDAC2/HDAC3",2
"GO:2000241","regulation of reproductive process","2/8","206/18860",0.00970873786407767,22.8883495145631,6.50708151333732,0.00318346154081321,0.0183906124396209,0.00675357832949847,"HDAC2/SIRT2",2
"GO:0090101","negative regulation of transmembrane receptor protein serine/threonine kinase signaling pathway","2/8","208/18860",0.00961538461538462,22.6682692307692,6.47319657107942,0.00324434821640049,0.0185992787062349,0.00683020677136945,"HDAC2/HDAC1",2
"GO:0045862","positive regulation of proteolysis","2/8","210/18860",0.00952380952380952,22.452380952381,6.43978455408491,0.00330578504843048,0.0188079134194795,0.00690682362590739,"HDAC2/SIRT2",2
"GO:0050769","positive regulation of neurogenesis","2/8","235/18860",0.00851063829787234,20.063829787234,6.05789233322724,0.00411986493913905,0.0228795799709017,0.00840206034392914,"HDAC2/HDAC1",2
"GO:0006475","internal protein amino acid acetylation","1/8","10/18860",0.1,235.75,15.2959174769651,0.0042347025512055,0.0228795799709017,0.00840206034392914,"EP300",1
"GO:0007084","mitotic nuclear membrane reassembly","1/8","10/18860",0.1,235.75,15.2959174769651,0.0042347025512055,0.0228795799709017,0.00840206034392914,"SIRT2",1
"GO:0048149","behavioral response to ethanol","1/8","10/18860",0.1,235.75,15.2959174769651,0.0042347025512055,0.0228795799709017,0.00840206034392914,"HDAC2",1
"GO:0061000","negative regulation of dendritic spine development","1/8","10/18860",0.1,235.75,15.2959174769651,0.0042347025512055,0.0228795799709017,0.00840206034392914,"HDAC2",1
"GO:0101024","mitotic nuclear membrane organization","1/8","10/18860",0.1,235.75,15.2959174769651,0.0042347025512055,0.0228795799709017,0.00840206034392914,"SIRT2",1
"GO:1990700","nucleolar chromatin organization","1/8","10/18860",0.1,235.75,15.2959174769651,0.0042347025512055,0.0228795799709017,0.00840206034392914,"SIRT2",1
"GO:0031509","subtelomeric heterochromatin formation","1/8","11/18860",0.0909090909090909,214.318181818182,14.5782591760236,0.00465730851298762,0.0237934604983245,0.00873766437810782,"SIRT2",1
"GO:0045843","negative regulation of striated muscle tissue development","1/8","11/18860",0.0909090909090909,214.318181818182,14.5782591760236,0.00465730851298762,0.0237934604983245,0.00873766437810782,"SIRT2",1
"GO:0051987","positive regulation of attachment of spindle microtubules to kinetochore","1/8","11/18860",0.0909090909090909,214.318181818182,14.5782591760236,0.00465730851298762,0.0237934604983245,0.00873766437810782,"SIRT2",1
"GO:0061771","response to caloric restriction","1/8","11/18860",0.0909090909090909,214.318181818182,14.5782591760236,0.00465730851298762,0.0237934604983245,0.00873766437810782,"SIRT2",1
"GO:0071374","cellular response to parathyroid hormone stimulus","1/8","11/18860",0.0909090909090909,214.318181818182,14.5782591760236,0.00465730851298762,0.0237934604983245,0.00873766437810782,"HDAC3",1
"GO:0090311","regulation of protein deacetylation","1/8","11/18860",0.0909090909090909,214.318181818182,14.5782591760236,0.00465730851298762,0.0237934604983245,0.00873766437810782,"EP300",1
"GO:2000674","regulation of type B pancreatic cell apoptotic process","1/8","11/18860",0.0909090909090909,214.318181818182,14.5782591760236,0.00465730851298762,0.0237934604983245,0.00873766437810782,"HDAC3",1
"GO:2000726","negative regulation of cardiac muscle cell differentiation","1/8","11/18860",0.0909090909090909,214.318181818182,14.5782591760236,0.00465730851298762,0.0237934604983245,0.00873766437810782,"HDAC3",1
"GO:0009913","epidermal cell differentiation","2/8","255/18860",0.00784313725490196,18.4901960784314,5.79262667058424,0.00483197654817104,0.0241449234521364,0.0088667319986821,"HDAC2/HDAC1",2
"GO:0045444","fat cell differentiation","2/8","259/18860",0.00772200772200772,18.2046332046332,5.74318441701398,0.00498081794085995,0.0241449234521364,0.0088667319986821,"EP300/SIRT2",2
"GO:0006474","N-terminal protein amino acid acetylation","1/8","12/18860",0.0833333333333333,196.458333333333,13.9520423521489,0.00507975753054268,0.0241449234521364,0.0088667319986821,"EP300",1
"GO:0048635","negative regulation of muscle organ development","1/8","12/18860",0.0833333333333333,196.458333333333,13.9520423521489,0.00507975753054268,0.0241449234521364,0.0088667319986821,"SIRT2",1
"GO:0050847","progesterone receptor signaling pathway","1/8","12/18860",0.0833333333333333,196.458333333333,13.9520423521489,0.00507975753054268,0.0241449234521364,0.0088667319986821,"HDAC2",1
"GO:0052803","imidazole-containing compound metabolic process","1/8","12/18860",0.0833333333333333,196.458333333333,13.9520423521489,0.00507975753054268,0.0241449234521364,0.0088667319986821,"HNMT",1
"GO:0071233","cellular response to L-leucine","1/8","12/18860",0.0833333333333333,196.458333333333,13.9520423521489,0.00507975753054268,0.0241449234521364,0.0088667319986821,"EP300",1
"GO:0071872","cellular response to epinephrine stimulus","1/8","12/18860",0.0833333333333333,196.458333333333,13.9520423521489,0.00507975753054268,0.0241449234521364,0.0088667319986821,"SIRT2",1
"GO:0097050","type B pancreatic cell apoptotic process","1/8","12/18860",0.0833333333333333,196.458333333333,13.9520423521489,0.00507975753054268,0.0241449234521364,0.0088667319986821,"HDAC3",1
"GO:1901862","negative regulation of muscle tissue development","1/8","12/18860",0.0833333333333333,196.458333333333,13.9520423521489,0.00507975753054268,0.0241449234521364,0.0088667319986821,"SIRT2",1
"GO:2000321","positive regulation of T-helper 17 cell differentiation","1/8","12/18860",0.0833333333333333,196.458333333333,13.9520423521489,0.00507975753054268,0.0241449234521364,0.0088667319986821,"EP300",1
"GO:0051222","positive regulation of protein transport","2/8","263/18860",0.00760456273764259,17.9277566539924,5.69483891519782,0.00513178550692072,0.0242388107905501,0.00890121021392406,"EP300/HDAC3",2
"GO:0034599","cellular response to oxidative stress","2/8","264/18860",0.00757575757575758,17.8598484848485,5.68291905645246,0.00516985893617737,0.0242660253816826,0.00891120421893732,"HDAC2/SIRT2",2
"GO:0048863","stem cell differentiation","2/8","265/18860",0.00754716981132075,17.7924528301887,5.67106455353047,0.00520806480022283,0.0242935196581823,0.00892130093271253,"HDAC2/HDAC1",2
"GO:0010944","negative regulation of transcription by competitive promoter binding","1/8","13/18860",0.0769230769230769,181.346153846154,13.3993290976627,0.00550204965383205,0.0248918029519751,0.0091410083024984,"HDAC2",1
"GO:0014816","skeletal muscle satellite cell differentiation","1/8","13/18860",0.0769230769230769,181.346153846154,13.3993290976627,0.00550204965383205,0.0248918029519751,0.0091410083024984,"SIRT2",1
"GO:0043922","host-mediated suppression of viral transcription","1/8","13/18860",0.0769230769230769,181.346153846154,13.3993290976627,0.00550204965383205,0.0248918029519751,0.0091410083024984,"HDAC1",1
"GO:0060816","random inactivation of X chromosome","1/8","13/18860",0.0769230769230769,181.346153846154,13.3993290976627,0.00550204965383205,0.0248918029519751,0.0091410083024984,"HDAC3",1
"GO:1903939","regulation of TORC2 signaling","1/8","13/18860",0.0769230769230769,181.346153846154,13.3993290976627,0.00550204965383205,0.0248918029519751,0.0091410083024984,"EP300",1
"GO:0032386","regulation of intracellular transport","2/8","279/18860",0.00716845878136201,16.8996415770609,5.51163567328437,0.00575680216696636,0.025888373816717,0.00950697868102859,"EP300/HDAC3",2
"GO:0010799","regulation of peptidyl-threonine phosphorylation","1/8","14/18860",0.0714285714285714,168.392857142857,12.9067516896883,0.00592418493280322,0.0260179116054691,0.00955454879898088,"SIRT2",1
"GO:0051775","response to redox state","1/8","14/18860",0.0714285714285714,168.392857142857,12.9067516896883,0.00592418493280322,0.0260179116054691,0.00955454879898088,"SIRT2",1
"GO:0110076","negative regulation of ferroptosis","1/8","14/18860",0.0714285714285714,168.392857142857,12.9067516896883,0.00592418493280322,0.0260179116054691,0.00955454879898088,"HDAC3",1
"GO:1905208","negative regulation of cardiocyte differentiation","1/8","14/18860",0.0714285714285714,168.392857142857,12.9067516896883,0.00592418493280322,0.0260179116054691,0.00955454879898088,"HDAC3",1
"GO:0051962","positive regulation of nervous system development","2/8","291/18860",0.00687285223367698,16.2027491408935,5.38393705628231,0.00624760749984027,0.027079367763981,0.00994434698179694,"HDAC2/HDAC1",2
"GO:0043201","response to L-leucine","1/8","15/18860",0.0666666666666667,157.166666666667,12.4641167216283,0.00634616341739103,0.027079367763981,0.00994434698179694,"EP300",1
"GO:0071107","response to parathyroid hormone","1/8","15/18860",0.0666666666666667,157.166666666667,12.4641167216283,0.00634616341739103,0.027079367763981,0.00994434698179694,"HDAC3",1
"GO:0071871","response to epinephrine","1/8","15/18860",0.0666666666666667,157.166666666667,12.4641167216283,0.00634616341739103,0.027079367763981,0.00994434698179694,"SIRT2",1
"GO:2000328","regulation of T-helper 17 cell lineage commitment","1/8","15/18860",0.0666666666666667,157.166666666667,12.4641167216283,0.00634616341739103,0.027079367763981,0.00994434698179694,"EP300",1
"GO:0090596","sensory organ morphogenesis","2/8","300/18860",0.00666666666666667,15.7166666666667,5.29305860832832,0.00662800640222458,0.0277746276136302,0.0101996670190919,"HDAC2/HDAC1",2
"GO:0010455","positive regulation of cell fate commitment","1/8","16/18860",0.0625,147.34375,12.063497296385,0.00676798515751575,0.0277746276136302,0.0101996670190919,"EP300",1
"GO:0018394","peptidyl-lysine acetylation","1/8","16/18860",0.0625,147.34375,12.063497296385,0.00676798515751575,0.0277746276136302,0.0101996670190919,"EP300",1
"GO:0031000","response to caffeine","1/8","16/18860",0.0625,147.34375,12.063497296385,0.00676798515751575,0.0277746276136302,0.0101996670190919,"HDAC2",1
"GO:0044793","host-mediated suppression of viral proces","1/8","16/18860",0.0625,147.34375,12.063497296385,0.00676798515751575,0.0277746276136302,0.0101996670190919,"HDAC1",1
"GO:0140718","facultative heterochromatin formation","1/8","16/18860",0.0625,147.34375,12.063497296385,0.00676798515751575,0.0277746276136302,0.0101996670190919,"SIRT2",1
"GO:1900034","regulation of cellular response to heat","1/8","16/18860",0.0625,147.34375,12.063497296385,0.00676798515751575,0.0277746276136302,0.0101996670190919,"EP300",1
"GO:0007000","nucleolus organization","1/8","17/18860",0.0588235294117647,138.676470588235,11.6986236276935,0.00718965020308693,0.0287203579921185,0.010546967263207,"SIRT2",1
"GO:0045836","positive regulation of meiotic nuclear division","1/8","17/18860",0.0588235294117647,138.676470588235,11.6986236276935,0.00718965020308693,0.0287203579921185,0.010546967263207,"SIRT2",1
"GO:0060766","negative regulation of androgen receptor signaling pathway","1/8","17/18860",0.0588235294117647,138.676470588235,11.6986236276935,0.00718965020308693,0.0287203579921185,0.010546967263207,"HDAC1",1
"GO:0110075","regulation of ferroptosis","1/8","17/18860",0.0588235294117647,138.676470588235,11.6986236276935,0.00718965020308693,0.0287203579921185,0.010546967263207,"HDAC3",1
"GO:1900226","negative regulation of NLRP3 inflammasome complex assembly","1/8","17/18860",0.0588235294117647,138.676470588235,11.6986236276935,0.00718965020308693,0.0287203579921185,0.010546967263207,"SIRT2",1
"GO:0001666","response to hypoxia","2/8","317/18860",0.00630914826498423,14.8738170347003,5.13169933177033,0.007375041952469,0.0293050608799165,0.0107616875051344,"EP300/SIRT2",2
"GO:0007096","regulation of exit from mitosis","1/8","18/18860",0.0555555555555556,130.972222222222,11.3644626450873,0.00761115860399852,0.0296164772621911,0.0108760488369109,"SIRT2",1
"GO:0043923","host-mediated activation of viral transcription","1/8","18/18860",0.0555555555555556,130.972222222222,11.3644626450873,0.00761115860399852,0.0296164772621911,0.0108760488369109,"EP300",1
"GO:0072350","tricarboxylic acid metabolic process","1/8","18/18860",0.0555555555555556,130.972222222222,11.3644626450873,0.00761115860399852,0.0296164772621911,0.0108760488369109,"EP300",1
"GO:0097707","ferroptosis","1/8","18/18860",0.0555555555555556,130.972222222222,11.3644626450873,0.00761115860399852,0.0296164772621911,0.0108760488369109,"HDAC3",1
"GO:0036293","response to decreased oxygen levels","2/8","330/18860",0.00606060606060606,14.2878787878788,5.01649664710835,0.00797123108911406,0.0308577038552817,0.0113318640550618,"EP300/SIRT2",2
"GO:0055093","response to hyperoxia","1/8","19/18860",0.0526315789473684,124.078947368421,11.0569210141354,0.00803251041013209,0.0309354631692779,0.0113604195814014,"HDAC2",1
"GO:0060070","canonical Wnt signaling pathway","2/8","333/18860",0.00600600600600601,14.1591591591592,4.99083617050362,0.00811185784751447,0.0309692801910313,0.0113728381947581,"EP300/HDAC1",2
"GO:1904951","positive regulation of establishment of protein localization","2/8","334/18860",0.00598802395209581,14.1167664670659,4.98235648807024,0.00815898616003032,0.0309692801910313,0.0113728381947581,"EP300/HDAC3",2
"GO:0062197","cellular response to chemical stress","2/8","335/18860",0.00597014925373134,14.0746268656716,4.97391325453909,0.00820624068976727,0.0309692801910313,0.0113728381947581,"HDAC2/SIRT2",2
"GO:0097193","intrinsic apoptotic signaling pathway","2/8","335/18860",0.00597014925373134,14.0746268656716,4.97391325453909,0.00820624068976727,0.0309692801910313,0.0113728381947581,"EP300/HDAC1",2
"GO:0006089","lactate metabolic process","1/8","20/18860",0.05,117.875,10.7726309177718,0.00845370567135617,0.031121239996022,0.0114286423420811,"LDHB",1
"GO:0031365","N-terminal protein amino acid modification","1/8","20/18860",0.05,117.875,10.7726309177718,0.00845370567135617,0.031121239996022,0.0114286423420811,"EP300",1
"GO:0042402","biogenic amine catabolic process","1/8","20/18860",0.05,117.875,10.7726309177718,0.00845370567135617,0.031121239996022,0.0114286423420811,"HNMT",1
"GO:0045721","negative regulation of gluconeogenesis","1/8","20/18860",0.05,117.875,10.7726309177718,0.00845370567135617,0.031121239996022,0.0114286423420811,"EP300",1
"GO:2000318","positive regulation of T-helper 17 type immune response","1/8","20/18860",0.05,117.875,10.7726309177718,0.00845370567135617,0.031121239996022,0.0114286423420811,"EP300",1
"GO:0002758","innate immune response-activating signaling pathway","2/8","342/18860",0.00584795321637427,13.7865497076023,4.9158089126397,0.008540549132353,0.0312875726751078,0.0114897246350526,"EP300/SIRT2",2
"GO:0034504","protein localization to nucleus","2/8","345/18860",0.00579710144927536,13.6666666666667,4.8914277093445,0.00868570869612474,0.0316648894698528,0.0116282865528088,"EP300/HDAC3",2
"GO:0141086","negative regulation of inflammasome-mediated signaling pathway","1/8","21/18860",0.0476190476190476,112.261904761905,10.5087926530326,0.00887474443752534,0.0319359004643378,0.0117278098278176,"SIRT2",1
"GO:1900119","positive regulation of execution phase of apoptosis","1/8","21/18860",0.0476190476190476,112.261904761905,10.5087926530326,0.00887474443752534,0.0319359004643378,0.0117278098278176,"SIRT2",1
"GO:0006913","nucleocytoplasmic transport","2/8","350/18860",0.00571428571428571,13.4714285714286,4.85146189568888,0.00893014526965503,0.0319359004643378,0.0117278098278176,"EP300/HDAC3",2
"GO:0051169","nuclear transport","2/8","350/18860",0.00571428571428571,13.4714285714286,4.85146189568888,0.00893014526965503,0.0319359004643378,0.0117278098278176,"EP300/HDAC3",2
"GO:0071214","cellular response to abiotic stimulus","2/8","355/18860",0.00563380281690141,13.2816901408451,4.81230756475274,0.0091777023729416,0.0321452901573777,0.0118047039333281,"EP300/HDAC3",2
"GO:0104004","cellular response to environmental stimulus","2/8","355/18860",0.00563380281690141,13.2816901408451,4.81230756475274,0.0091777023729416,0.0321452901573777,0.0118047039333281,"EP300/HDAC3",2
"GO:0007549","sex-chromosome dosage compensation","1/8","22/18860",0.0454545454545455,107.159090909091,10.2630570519943,0.00929562675848172,0.0321452901573777,0.0118047039333281,"HDAC3",1
"GO:0009048","dosage compensation by inactivation of X chromosome","1/8","22/18860",0.0454545454545455,107.159090909091,10.2630570519943,0.00929562675848172,0.0321452901573777,0.0118047039333281,"HDAC3",1
"GO:0009310","amine catabolic process","1/8","22/18860",0.0454545454545455,107.159090909091,10.2630570519943,0.00929562675848172,0.0321452901573777,0.0118047039333281,"HNMT",1
"GO:0038203","TORC2 signaling","1/8","22/18860",0.0454545454545455,107.159090909091,10.2630570519943,0.00929562675848172,0.0321452901573777,0.0118047039333281,"EP300",1
"GO:2000725","regulation of cardiac muscle cell differentiation","1/8","22/18860",0.0454545454545455,107.159090909091,10.2630570519943,0.00929562675848172,0.0321452901573777,0.0118047039333281,"HDAC3",1
"GO:0007249","canonical NF-kappaB signal transduction","2/8","359/18860",0.00557103064066852,13.133704735376,4.78154947082992,0.00937798753853438,0.0321452901573777,0.0118047039333281,"EP300/HDAC1",2
"GO:0062012","regulation of small molecule metabolic process","2/8","360/18860",0.00555555555555556,13.0972222222222,4.77393666464994,0.00942836914630497,0.0321452901573777,0.0118047039333281,"EP300/SIRT2",2
"GO:0002218","activation of innate immune response","2/8","362/18860",0.00552486187845304,13.024861878453,4.75880163957994,0.00952950413498912,0.0321452901573777,0.0118047039333281,"EP300/SIRT2",2
"GO:0002223","stimulatory C-type lectin receptor signaling pathway","1/8","23/18860",0.0434782608695652,102.5,10.033436341509,0.00971635268405424,0.0321452901573777,0.0118047039333281,"EP300",1
"GO:0035855","megakaryocyte development","1/8","23/18860",0.0434782608695652,102.5,10.033436341509,0.00971635268405424,0.0321452901573777,0.0118047039333281,"EP300",1
"GO:0043388","positive regulation of DNA binding","1/8","23/18860",0.0434782608695652,102.5,10.033436341509,0.00971635268405424,0.0321452901573777,0.0118047039333281,"SIRT2",1
"GO:0051988","regulation of attachment of spindle microtubules to kinetochore","1/8","23/18860",0.0434782608695652,102.5,10.033436341509,0.00971635268405424,0.0321452901573777,0.0118047039333281,"SIRT2",1
"GO:1990840","response to lectin","1/8","23/18860",0.0434782608695652,102.5,10.033436341509,0.00971635268405424,0.0321452901573777,0.0118047039333281,"EP300",1
"GO:1990858","cellular response to lectin","1/8","23/18860",0.0434782608695652,102.5,10.033436341509,0.00971635268405424,0.0321452901573777,0.0118047039333281,"EP300",1
"GO:2001014","regulation of skeletal muscle cell differentiation","1/8","23/18860",0.0434782608695652,102.5,10.033436341509,0.00971635268405424,0.0321452901573777,0.0118047039333281,"SIRT2",1
"GO:0007517","muscle organ development","2/8","373/18860",0.00536193029490617,12.6407506702413,4.6776507294789,0.0100945783099272,0.0332437931017792,0.0122081067946824,"EP300/SIRT2",2
"GO:0009074","aromatic amino acid family catabolic process","1/8","24/18860",0.0416666666666667,98.2291666666667,9.8182356541951,0.0101369222640578,0.0332437931017792,0.0122081067946824,"HNMT",1
"GO:0010506","regulation of autophagy","2/8","377/18860",0.00530503978779841,12.5066312997347,4.64898611432857,0.0103037507776397,0.0335955889693617,0.012337296671067,"EP300/SIRT2",2
"GO:0043010","camera-type eye development","2/8","379/18860",0.00527704485488127,12.4406332453826,4.63481648772275,0.0104090722723086,0.0335955889693617,0.012337296671067,"HDAC2/HDAC1",2
"GO:0030220","platelet formation","1/8","25/18860",0.04,94.3,9.61599976446345,0.0105573355482947,0.0335955889693617,0.012337296671067,"EP300",1
"GO:0072540","T-helper 17 cell lineage commitment","1/8","25/18860",0.04,94.3,9.61599976446345,0.0105573355482947,0.0335955889693617,0.012337296671067,"EP300",1
"GO:0140861","DNA repair-dependent chromatin remodeling","1/8","25/18860",0.04,94.3,9.61599976446345,0.0105573355482947,0.0335955889693617,0.012337296671067,"HDAC3",1
"GO:1903429","regulation of cell maturation","1/8","25/18860",0.04,94.3,9.61599976446345,0.0105573355482947,0.0335955889693617,0.012337296671067,"SIRT2",1
"GO:1904037","positive regulation of epithelial cell apoptotic process","1/8","25/18860",0.04,94.3,9.61599976446345,0.0105573355482947,0.0335955889693617,0.012337296671067,"HDAC3",1
"GO:0001932","regulation of protein phosphorylation","2/8","387/18860",0.00516795865633075,12.1834625322997,4.57918998954273,0.0108352439501686,0.0342081827074773,0.0125622592604374,"SIRT2/HDAC3",2
"GO:0031468","nuclear membrane reassembly","1/8","26/18860",0.0384615384615385,90.6730769230769,9.42547120468991,0.010977592586554,0.0342081827074773,0.0125622592604374,"SIRT2",1
"GO:0036120","cellular response to platelet-derived growth factor stimulus","1/8","26/18860",0.0384615384615385,90.6730769230769,9.42547120468991,0.010977592586554,0.0342081827074773,0.0125622592604374,"HDAC1",1
"GO:0045723","positive regulation of fatty acid biosynthetic process","1/8","26/18860",0.0384615384615385,90.6730769230769,9.42547120468991,0.010977592586554,0.0342081827074773,0.0125622592604374,"SIRT2",1
"GO:0051457","maintenance of protein location in nucleus","1/8","26/18860",0.0384615384615385,90.6730769230769,9.42547120468991,0.010977592586554,0.0342081827074773,0.0125622592604374,"HDAC3",1
"GO:0030336","negative regulation of cell migration","2/8","391/18860",0.0051150895140665,12.0588235294118,4.55198921213112,0.0110512516028768,0.0342954130320681,0.0125942928227652,"HDAC2/HDAC1",2
"GO:0009895","negative regulation of catabolic process","2/8","394/18860",0.0050761421319797,11.9670050761421,4.53184813533875,0.0112145311412114,0.0346245255428948,0.0127151526977902,"EP300/SIRT2",2
"GO:0036296","response to increased oxygen levels","1/8","27/18860",0.037037037037037,87.3148148148148,9.24555699519433,0.0113976934286112,0.0346245255428948,0.0127151526977902,"HDAC2",1
"GO:0036344","platelet morphogenesis","1/8","27/18860",0.037037037037037,87.3148148148148,9.24555699519433,0.0113976934286112,0.0346245255428948,0.0127151526977902,"EP300",1
"GO:0045624","positive regulation of T-helper cell differentiation","1/8","27/18860",0.037037037037037,87.3148148148148,9.24555699519433,0.0113976934286112,0.0346245255428948,0.0127151526977902,"EP300",1
"GO:0051446","positive regulation of meiotic cell cycle","1/8","27/18860",0.037037037037037,87.3148148148148,9.24555699519433,0.0113976934286112,0.0346245255428948,0.0127151526977902,"SIRT2",1
"GO:0030162","regulation of proteolysis","2/8","398/18860",0.0050251256281407,11.8467336683417,4.50533145699109,0.0114339312045778,0.0346245255428948,0.0127151526977902,"HDAC2/SIRT2",2
"GO:0018193","peptidyl-amino acid modification","2/8","404/18860",0.00495049504950495,11.6707920792079,4.4662616058273,0.0117666502377634,0.0352184374257783,0.0129332547558398,"EP300/SIRT2",2
"GO:0031647","regulation of protein stability","2/8","404/18860",0.00495049504950495,11.6707920792079,4.4662616058273,0.0117666502377634,0.0352184374257783,0.0129332547558398,"EP300/HDAC3",2
"GO:0036119","response to platelet-derived growth factor","1/8","28/18860",0.0357142857142857,84.1964285714286,9.07530196968295,0.0118176381242292,0.0352184374257783,0.0129332547558398,"HDAC1",1
"GO:2000178","negative regulation of neural precursor cell proliferation","1/8","28/18860",0.0357142857142857,84.1964285714286,9.07530196968295,0.0118176381242292,0.0352184374257783,0.0129332547558398,"SIRT2",1
"GO:2000146","negative regulation of cell motility","2/8","406/18860",0.00492610837438424,11.6133004926108,4.45342176574193,0.0118785189072105,0.0352599513806919,0.0129484999113341,"HDAC2/HDAC1",2
"GO:0002295","T-helper cell lineage commitment","1/8","29/18860",0.0344827586206897,81.2931034482759,8.91386720455204,0.012237426723157,0.0357599512415988,0.0131321146896053,"EP300",1
"GO:0045717","negative regulation of fatty acid biosynthetic process","1/8","29/18860",0.0344827586206897,81.2931034482759,8.91386720455204,0.012237426723157,0.0357599512415988,0.0131321146896053,"SIRT2",1
"GO:0048520","positive regulation of behavior","1/8","29/18860",0.0344827586206897,81.2931034482759,8.91386720455204,0.012237426723157,0.0357599512415988,0.0131321146896053,"HDAC2",1
"GO:2000319","regulation of T-helper 17 cell differentiation","1/8","29/18860",0.0344827586206897,81.2931034482759,8.91386720455204,0.012237426723157,0.0357599512415988,0.0131321146896053,"EP300",1
"GO:0006979","response to oxidative stress","2/8","418/18860",0.00478468899521531,11.2799043062201,4.3782324163998,0.0125597877666394,0.0364193544659885,0.013374267110644,"HDAC2/SIRT2",2
"GO:0022011","myelination in peripheral nervous system","1/8","30/18860",0.0333333333333333,78.5833333333333,8.76051243662339,0.0126570592751305,0.0364193544659885,0.013374267110644,"SIRT2",1
"GO:0032292","peripheral nervous system axon ensheathment","1/8","30/18860",0.0333333333333333,78.5833333333333,8.76051243662339,0.0126570592751305,0.0364193544659885,0.013374267110644,"SIRT2",1
"GO:0051984","positive regulation of chromosome segregation","1/8","30/18860",0.0333333333333333,78.5833333333333,8.76051243662339,0.0126570592751305,0.0364193544659885,0.013374267110644,"SIRT2",1
"GO:0040013","negative regulation of locomotion","2/8","424/18860",0.00471698113207547,11.1202830188679,4.34178030936129,0.0129068568115528,0.0369963720056342,0.0135861650647924,"HDAC2/HDAC1",2
"GO:0001975","response to amphetamine","1/8","31/18860",0.032258064516129,76.0483870967742,8.61458162602948,0.0130765358298729,0.0370584090876775,0.013608946921258,"HDAC2",1
"GO:0010458","exit from mitosis","1/8","31/18860",0.032258064516129,76.0483870967742,8.61458162602948,0.0130765358298729,0.0370584090876775,0.013608946921258,"SIRT2",1
"GO:0046823","negative regulation of nucleocytoplasmic transport","1/8","31/18860",0.032258064516129,76.0483870967742,8.61458162602948,0.0130765358298729,0.0370584090876775,0.013608946921258,"HDAC3",1
"GO:0042325","regulation of phosphorylation","2/8","431/18860",0.00464037122969838,10.9396751740139,4.30016925982161,0.0133171604251655,0.0374834397574786,0.0137650307890664,"SIRT2/HDAC3",2
"GO:0001654","eye development","2/8","432/18860",0.00462962962962963,10.9143518518519,4.29430322757883,0.0133762474767034,0.0374834397574786,0.0137650307890664,"HDAC2/HDAC1",2
"GO:0045089","positive regulation of innate immune response","2/8","432/18860",0.00462962962962963,10.9143518518519,4.29430322757883,0.0133762474767034,0.0374834397574786,0.0137650307890664,"EP300/SIRT2",2
"GO:0007059","chromosome segregation","2/8","434/18860",0.00460829493087558,10.8640552995392,4.28262884574052,0.0134947749258996,0.0375384747565091,0.0137852412729769,"SIRT2/HDAC3",2
"GO:0043373","CD4-positive, alpha-beta T cell lineage commitment","1/8","32/18860",0.03125,73.671875,8.47549102022656,0.0134958564370938,0.0375384747565091,0.0137852412729769,"EP300",1
"GO:0150063","visual system development","2/8","436/18860",0.00458715596330275,10.8142201834862,4.27103064541904,0.0136137729432437,0.0377267287098747,0.0138543737080204,"HDAC2/HDAC1",2
"GO:0043254","regulation of protein-containing complex assembly","2/8","438/18860",0.0045662100456621,10.7648401826484,4.25950776438608,0.0137332408572138,0.0379178819256159,0.0139245708381966,"EP300/SIRT2",2
"GO:0060325","face morphogenesis","1/8","33/18860",0.0303030303030303,71.4393939393939,8.34271922263991,0.0139150211464893,0.0381393462810712,0.0140058991178648,"EP300",1
"GO:1905207","regulation of cardiocyte differentiation","1/8","33/18860",0.0303030303030303,71.4393939393939,8.34271922263991,0.0139150211464893,0.0381393462810712,0.0140058991178648,"HDAC3",1
"GO:0009410","response to xenobiotic stimulus","2/8","443/18860",0.00451467268623025,10.6433408577878,4.23102454793558,0.0140339620380883,0.0381866140963925,0.0140232572615528,"HDAC2/HDAC3",2
"GO:0048880","sensory system development","2/8","443/18860",0.00451467268623025,10.6433408577878,4.23102454793558,0.0140339620380883,0.0381866140963925,0.0140232572615528,"HDAC2/HDAC1",2
"GO:0002363","alpha-beta T cell lineage commitment","1/8","34/18860",0.0294117647058824,69.3382352941177,8.21579887980494,0.0143340300077434,0.0383186536114479,0.0140717460876016,"EP300",1
"GO:0030511","positive regulation of transforming growth factor beta receptor signaling pathway","1/8","34/18860",0.0294117647058824,69.3382352941177,8.21579887980494,0.0143340300077434,0.0383186536114479,0.0140717460876016,"EP300",1
"GO:0071498","cellular response to fluid shear stress","1/8","34/18860",0.0294117647058824,69.3382352941177,8.21579887980494,0.0143340300077434,0.0383186536114479,0.0140717460876016,"HDAC3",1
"GO:1903846","positive regulation of cellular response to transforming growth factor beta stimulus","1/8","34/18860",0.0294117647058824,69.3382352941177,8.21579887980494,0.0143340300077434,0.0383186536114479,0.0140717460876016,"EP300",1
"GO:0010975","regulation of neuron projection development","2/8","448/18860",0.00446428571428571,10.5245535714286,4.20299391222476,0.0143376054125391,0.0383186536114479,0.0140717460876016,"EP300/HDAC2",2
"GO:0006163","purine nucleotide metabolic process","2/8","454/18860",0.00440528634361234,10.3854625550661,4.169937129565,0.0147058200503497,0.0388751410033852,0.014276104762614,"LDHB/EP300",2
"GO:0018107","peptidyl-threonine phosphorylation","1/8","35/18860",0.0285714285714286,67.3571428571429,8.09430968422471,0.0147528830705257,0.0388751410033852,0.014276104762614,"SIRT2",1
"GO:0018210","peptidyl-threonine modification","1/8","35/18860",0.0285714285714286,67.3571428571429,8.09430968422471,0.0147528830705257,0.0388751410033852,0.014276104762614,"SIRT2",1
"GO:0040020","regulation of meiotic nuclear division","1/8","35/18860",0.0285714285714286,67.3571428571429,8.09430968422471,0.0147528830705257,0.0388751410033852,0.014276104762614,"SIRT2",1
"GO:0051223","regulation of protein transport","2/8","458/18860",0.00436681222707424,10.2947598253275,4.14824125389466,0.0149536169782933,0.0392663159115325,0.0144197557906251,"EP300/HDAC3",2
"GO:1903829","positive regulation of protein localization","2/8","459/18860",0.00435729847494553,10.2723311546841,4.14285918595384,0.015015855510018,0.0392923605854479,0.0144293201673381,"EP300/HDAC3",2
"GO:0007617","mating behavior","1/8","36/18860",0.0277777777777778,65.4861111111111,7.97787245369712,0.0151715803844931,0.0394251102725062,0.0144780697896091,"HDAC2",1
"GO:0043369","CD4-positive or CD8-positive, alpha-beta T cell lineage commitment","1/8","36/18860",0.0277777777777778,65.4861111111111,7.97787245369712,0.0151715803844931,0.0394251102725062,0.0144780697896091,"EP300",1
"GO:0002833","positive regulation of response to biotic stimulus","2/8","465/18860",0.0043010752688172,10.1397849462366,4.11091186321743,0.0153917104195417,0.039823747011789,0.0146244610233215,"EP300/SIRT2",2
"GO:0000132","establishment of mitotic spindle orientation","1/8","37/18860",0.027027027027027,63.7162162162162,7.86614409669937,0.0155901219992889,0.039823747011789,0.0146244610233215,"HDAC3",1
"GO:0046825","regulation of protein export from nucleus","1/8","37/18860",0.027027027027027,63.7162162162162,7.86614409669937,0.0155901219992889,0.039823747011789,0.0146244610233215,"HDAC3",1
"GO:0061436","establishment of skin barrier","1/8","37/18860",0.027027027027027,63.7162162162162,7.86614409669937,0.0155901219992889,0.039823747011789,0.0146244610233215,"HDAC3",1
"GO:0090317","negative regulation of intracellular protein transport","1/8","37/18860",0.027027027027027,63.7162162162162,7.86614409669937,0.0155901219992889,0.039823747011789,0.0146244610233215,"HDAC3",1
"GO:0001556","oocyte maturation","1/8","38/18860",0.0263157894736842,62.0394736842105,7.75881331125333,0.0160085079645448,0.0404794258632092,0.0148652457441458,"SIRT2",1
"GO:0044794","host-mediated activation of viral process","1/8","38/18860",0.0263157894736842,62.0394736842105,7.75881331125333,0.0160085079645448,0.0404794258632092,0.0148652457441458,"EP300",1
"GO:0046329","negative regulation of JNK cascade","1/8","38/18860",0.0263157894736842,62.0394736842105,7.75881331125333,0.0160085079645448,0.0404794258632092,0.0148652457441458,"HDAC3",1
"GO:0072594","establishment of protein localization to organelle","2/8","478/18860",0.00418410041841004,9.86401673640167,4.04365172282036,0.0162202482546508,0.0408772028162508,0.0150113212388503,"EP300/HDAC3",2
"GO:0043372","positive regulation of CD4-positive, alpha-beta T cell differentiation","1/8","39/18860",0.0256410256410256,60.4487179487179,7.65559689423027,0.0164267383298768,0.041121601619125,0.0151010717278166,"EP300",1
"GO:2000316","regulation of T-helper 17 type immune response","1/8","39/18860",0.0256410256410256,60.4487179487179,7.65559689423027,0.0164267383298768,0.041121601619125,0.0151010717278166,"EP300",1
"GO:0016055","Wnt signaling pathway","2/8","487/18860",0.00410677618069815,9.68172484599589,3.99858257157072,0.0168051464117995,0.0417506754845295,0.0153320863087066,"EP300/HDAC1",2
"GO:0060323","head morphogenesis","1/8","40/18860",0.025,58.9375,7.55623656127181,0.0168448131448901,0.0417506754845295,0.0153320863087066,"EP300",1
"GO:1900117","regulation of execution phase of apoptosis","1/8","40/18860",0.025,58.9375,7.55623656127181,0.0168448131448901,0.0417506754845295,0.0153320863087066,"SIRT2",1
"GO:0006473","protein acetylation","1/8","41/18860",0.024390243902439,57.5,7.46049619587764,0.0172627324591749,0.0423670329308507,0.0155584310433568,"EP300",1
"GO:0016202","regulation of striated muscle tissue development","1/8","41/18860",0.024390243902439,57.5,7.46049619587764,0.0172627324591749,0.0423670329308507,0.0155584310433568,"SIRT2",1
"GO:0072539","T-helper 17 cell differentiation","1/8","41/18860",0.024390243902439,57.5,7.46049619587764,0.0172627324591749,0.0423670329308507,0.0155584310433568,"EP300",1
"GO:0002360","T cell lineage commitment","1/8","42/18860",0.0238095238095238,56.1309523809524,7.36815946084396,0.0176804963223094,0.0426947033377953,0.0156787613350654,"EP300",1
"GO:0009072","aromatic amino acid metabolic process","1/8","42/18860",0.0238095238095238,56.1309523809524,7.36815946084396,0.0176804963223094,0.0426947033377953,0.0156787613350654,"HNMT",1
"GO:0033144","negative regulation of intracellular steroid hormone receptor signaling pathway","1/8","42/18860",0.0238095238095238,56.1309523809524,7.36815946084396,0.0176804963223094,0.0426947033377953,0.0156787613350654,"HDAC1",1
"GO:0040001","establishment of mitotic spindle localization","1/8","42/18860",0.0238095238095238,56.1309523809524,7.36815946084396,0.0176804963223094,0.0426947033377953,0.0156787613350654,"HDAC3",1
"GO:0045923","positive regulation of fatty acid metabolic process","1/8","42/18860",0.0238095238095238,56.1309523809524,7.36815946084396,0.0176804963223094,0.0426947033377953,0.0156787613350654,"SIRT2",1
"GO:0006346","DNA methylation-dependent constitutive heterochromatin formation","1/8","43/18860",0.0232558139534884,54.8255813953488,7.27902771695902,0.0180981047838578,0.0430116351034088,0.015795148079183,"HDAC1",1
"GO:0014044","Schwann cell development","1/8","43/18860",0.0232558139534884,54.8255813953488,7.27902771695902,0.0180981047838578,0.0430116351034088,0.015795148079183,"SIRT2",1
"GO:0046427","positive regulation of receptor signaling pathway via JAK-STAT","1/8","43/18860",0.0232558139534884,54.8255813953488,7.27902771695902,0.0180981047838578,0.0430116351034088,0.015795148079183,"EP300",1
"GO:0051154","negative regulation of striated muscle cell differentiation","1/8","43/18860",0.0232558139534884,54.8255813953488,7.27902771695902,0.0180981047838578,0.0430116351034088,0.015795148079183,"HDAC3",1
"GO:1901861","regulation of muscle tissue development","1/8","43/18860",0.0232558139534884,54.8255813953488,7.27902771695902,0.0180981047838578,0.0430116351034088,0.015795148079183,"SIRT2",1
"GO:0071548","response to dexamethasone","1/8","44/18860",0.0227272727272727,53.5795454545455,7.19291820330778,0.0185155578933722,0.0437269936412659,0.0160578489508889,"HDAC3",1
"GO:2000378","negative regulation of reactive oxygen species metabolic process","1/8","44/18860",0.0227272727272727,53.5795454545455,7.19291820330778,0.0185155578933722,0.0437269936412659,0.0160578489508889,"SIRT2",1
"GO:0034405","response to fluid shear stress","1/8","45/18860",0.0222222222222222,52.3888888888889,7.10966244118802,0.0189328557003902,0.0442946250186698,0.0162663000278807,"HDAC3",1
"GO:0048634","regulation of muscle organ development","1/8","45/18860",0.0222222222222222,52.3888888888889,7.10966244118802,0.0189328557003902,0.0442946250186698,0.0162663000278807,"SIRT2",1
"GO:0072595","maintenance of protein localization in organelle","1/8","45/18860",0.0222222222222222,52.3888888888889,7.10966244118802,0.0189328557003902,0.0442946250186698,0.0162663000278807,"HDAC3",1
"GO:0014075","response to amine","1/8","46/18860",0.0217391304347826,51.25,7.02910482987,0.0193499982544373,0.0449902436194502,0.0165217518092311,"HDAC2",1
"GO:0021762","substantia nigra development","1/8","46/18860",0.0217391304347826,51.25,7.02910482987,0.0193499982544373,0.0449902436194502,0.0165217518092311,"SIRT2",1
"GO:0014014","negative regulation of gliogenesis","1/8","47/18860",0.0212765957446809,50.1595744680851,6.9511014075279,0.0197669856050255,0.0455368288017613,0.0167224740991821,"SIRT2",1
"GO:0051101","regulation of DNA binding","1/8","47/18860",0.0212765957446809,50.1595744680851,6.9511014075279,0.0197669856050255,0.0455368288017613,0.0167224740991821,"SIRT2",1
"GO:0051294","establishment of spindle orientation","1/8","47/18860",0.0212765957446809,50.1595744680851,6.9511014075279,0.0197669856050255,0.0455368288017613,0.0167224740991821,"HDAC3",1
"GO:0031641","regulation of myelination","1/8","48/18860",0.0208333333333333,49.1145833333333,6.87551875486097,0.0201838178016533,0.0462135584422002,0.0169709892940731,"SIRT2",1
"GO:0042771","intrinsic apoptotic signaling pathway in response to DNA damage by p53 class mediator","1/8","48/18860",0.0208333333333333,49.1145833333333,6.87551875486097,0.0201838178016533,0.0462135584422002,0.0169709892940731,"EP300",1
"GO:0002209","behavioral defense response","1/8","49/18860",0.0204081632653061,48.1122448979592,6.80223302238065,0.0206004948938067,0.0463202744468527,0.0170101785760395,"EP300",1
"GO:0019098","reproductive behavior","1/8","49/18860",0.0204081632653061,48.1122448979592,6.80223302238065,0.0206004948938067,0.0463202744468527,0.0170101785760395,"HDAC2",1
"GO:0035094","response to nicotine","1/8","49/18860",0.0204081632653061,48.1122448979592,6.80223302238065,0.0206004948938067,0.0463202744468527,0.0170101785760395,"HDAC2",1
"GO:0051099","positive regulation of binding","1/8","49/18860",0.0204081632653061,48.1122448979592,6.80223302238065,0.0206004948938067,0.0463202744468527,0.0170101785760395,"SIRT2",1
"GO:1900225","regulation of NLRP3 inflammasome complex assembly","1/8","49/18860",0.0204081632653061,48.1122448979592,6.80223302238065,0.0206004948938067,0.0463202744468527,0.0170101785760395,"SIRT2",1
"GO:2000516","positive regulation of CD4-positive, alpha-beta T cell activation","1/8","49/18860",0.0204081632653061,48.1122448979592,6.80223302238065,0.0206004948938067,0.0463202744468527,0.0170101785760395,"EP300",1
"GO:0014037","Schwann cell differentiation","1/8","50/18860",0.02,47.15,6.73112906520821,0.0210170169309577,0.0465598221685818,0.0170981476041326,"SIRT2",1
"GO:0019674","NAD+ metabolic process","1/8","50/18860",0.02,47.15,6.73112906520821,0.0210170169309577,0.0465598221685818,0.0170981476041326,"LDHB",1
"GO:0045622","regulation of T-helper cell differentiation","1/8","50/18860",0.02,47.15,6.73112906520821,0.0210170169309577,0.0465598221685818,0.0170981476041326,"EP300",1
"GO:0071763","nuclear membrane organization","1/8","50/18860",0.02,47.15,6.73112906520821,0.0210170169309577,0.0465598221685818,0.0170981476041326,"SIRT2",1
"GO:1904894","positive regulation of receptor signaling pathway via STAT","1/8","50/18860",0.02,47.15,6.73112906520821,0.0210170169309577,0.0465598221685818,0.0170981476041326,"EP300",1
"GO:0010171","body morphogenesis","1/8","51/18860",0.0196078431372549,46.2254901960784,6.66209967161453,0.0214333839625661,0.0470657057189683,0.0172839230476834,"EP300",1
"GO:0042220","response to cocaine","1/8","51/18860",0.0196078431372549,46.2254901960784,6.66209967161453,0.0214333839625661,0.0470657057189683,0.0172839230476834,"HDAC2",1
"GO:0043368","positive T cell selection","1/8","51/18860",0.0196078431372549,46.2254901960784,6.66209967161453,0.0214333839625661,0.0470657057189683,0.0172839230476834,"EP300",1
"GO:0045922","negative regulation of fatty acid metabolic process","1/8","52/18860",0.0192307692307692,45.3365384615385,6.59504487352921,0.0218495960380778,0.0478397860775406,0.0175681883135688,"SIRT2",1
"GO:0035987","endodermal cell differentiation","1/8","53/18860",0.0188679245283019,44.4811320754717,6.52987132891989,0.0222656532069258,0.0486090277860501,0.0178506766836431,"EP300",1
"GO:0032692","negative regulation of interleukin-1 production","1/8","54/18860",0.0185185185185185,43.6574074074074,6.46649176735181,0.0226815555185301,0.0490888996957237,0.0180268998812525,"HDAC3",1
"GO:0060324","face development","1/8","54/18860",0.0185185185185185,43.6574074074074,6.46649176735181,0.0226815555185301,0.0490888996957237,0.0180268998812525,"EP300",1
"GO:0141085","regulation of inflammasome-mediated signaling pathway","1/8","54/18860",0.0185185185185185,43.6574074074074,6.46649176735181,0.0226815555185301,0.0490888996957237,0.0180268998812525,"SIRT2",1
"GO:0008608","attachment of spindle microtubules to kinetochore","1/8","55/18860",0.0181818181818182,42.8636363636364,6.40482449122785,0.0230973030222977,0.049560213056416,0.0181999801258406,"SIRT2",1
"GO:0044546","NLRP3 inflammasome complex assembly","1/8","55/18860",0.0181818181818182,42.8636363636364,6.40482449122785,0.0230973030222977,0.049560213056416,0.0181999801258406,"SIRT2",1
"GO:0072538","T-helper 17 type immune response","1/8","55/18860",0.0181818181818182,42.8636363636364,6.40482449122785,0.0230973030222977,0.049560213056416,0.0181999801258406,"EP300",1
"GO:0006110","regulation of glycolytic process","1/8","56/18860",0.0178571428571429,42.0982142857143,6.34479292621833,0.0235128957676219,0.0498818777443053,0.0183181049393903,"EP300",1
"GO:0006111","regulation of gluconeogenesis","1/8","56/18860",0.0178571428571429,42.0982142857143,6.34479292621833,0.0235128957676219,0.0498818777443053,0.0183181049393903,"EP300",1
"GO:0030811","regulation of nucleotide catabolic process","1/8","56/18860",0.0178571428571429,42.0982142857143,6.34479292621833,0.0235128957676219,0.0498818777443053,0.0183181049393903,"EP300",1
"GO:0033121","regulation of purine nucleotide catabolic process","1/8","56/18860",0.0178571428571429,42.0982142857143,6.34479292621833,0.0235128957676219,0.0498818777443053,0.0183181049393903,"EP300",1
