"Group1","Group2","p_value","adj_p"
"M05_Mono_CD14","M07_Mono_CD16",4.21308065684191e-23,1.51670903646309e-21
"M05_Mono_CD14","M06_Mono_CD14CD16",3.26311358429111e-08,3.91573630114933e-07
"M09_Macro_C1QC","M07_Mono_CD16",2.63530247819648e-08,3.91573630114933e-07
"M03_cDC2_CD1C","M07_Mono_CD16",1.32843334673078e-05,0.00011955900120577
"M01_pDC_LILRA4","M07_Mono_CD16",3.05639370428234e-05,0.000220060346708328
"M06_Mono_CD14CD16","M07_Mono_CD16",0.000164133365769406,0.000984800194616439
"M01_pDC_LILRA4","M06_Mono_CD14CD16",0.00188445816351944,0.00969149912667141
"M05_Mono_CD14","M09_Macro_C1QC",0.00764499894392585,0.0320012895555711
"M07_Mono_CD16","M08_Macro_NLRP3",0.00800032238889276,0.0320012895555711
"M03_cDC2_CD1C","M06_Mono_CD14CD16",0.0244384637394152,0.0879784694618947
"M09_Macro_C1QC","M06_Mono_CD14CD16",0.0288803569481541,0.0945175318303226
"M09_Macro_C1QC","M01_pDC_LILRA4",0.0328604456211239,0.0985813368633717
"M01_pDC_LILRA4","M08_Macro_NLRP3",0.0877571097161584,0.243019688444746
"M01_pDC_LILRA4","M03_cDC2_CD1C",0.104207896309278,0.267963161938143
"M01_pDC_LILRA4","M02_cDC1_CLEC9A",0.174258913076367,0.401206293684341
"M07_Mono_CD16","M02_cDC1_CLEC9A",0.178313908304152,0.401206293684341
"M05_Mono_CD14","M01_pDC_LILRA4",0.248748913221882,0.497497826443764
"M06_Mono_CD14CD16","M08_Macro_NLRP3",0.241633742079279,0.497497826443764
"M05_Mono_CD14","M08_Macro_NLRP3",0.314392542800087,0.59569113372648
"M01_pDC_LILRA4","M04_cDC3_LAMP3",0.354634030699991,0.638341255259983
"M05_Mono_CD14","M03_cDC2_CD1C",0.3814941134155,0.653989908712286
"M05_Mono_CD14","M02_cDC1_CLEC9A",0.411491876599507,0.662335962388689
"M05_Mono_CD14","M04_cDC3_LAMP3",0.423159087081662,0.662335962388689
"M09_Macro_C1QC","M03_cDC2_CD1C",0.453644395066842,0.680466592600263
"M09_Macro_C1QC","M04_cDC3_LAMP3",0.591695446901118,0.788927262534824
"M03_cDC2_CD1C","M04_cDC3_LAMP3",0.559531139240266,0.788927262534824
"M08_Macro_NLRP3","M04_cDC3_LAMP3",0.579627795594214,0.788927262534824
"M06_Mono_CD14CD16","M02_cDC1_CLEC9A",0.629865702643144,0.809827331969757
"M03_cDC2_CD1C","M08_Macro_NLRP3",0.698554130881176,0.838264957057411
"M02_cDC1_CLEC9A","M04_cDC3_LAMP3",0.681369826309912,0.838264957057411
"M03_cDC2_CD1C","M02_cDC1_CLEC9A",0.730212669640389,0.847988906679161
"M06_Mono_CD14CD16","M04_cDC3_LAMP3",0.791325499609853,0.890241187061085
"M09_Macro_C1QC","M02_cDC1_CLEC9A",0.873372406868782,0.89832590420789
"M09_Macro_C1QC","M08_Macro_NLRP3",0.868048641963427,0.89832590420789
"M02_cDC1_CLEC9A","M08_Macro_NLRP3",0.842800409313684,0.89832590420789
"M07_Mono_CD16","M04_cDC3_LAMP3",0.916060912916344,0.916060912916344
